plat,type,
mousse au chocolat,Dessert,
carrot cake,Dessert,
éclairs au chocolat,Dessert,
crème brûlée ,Dessert,
brioche vendéenne ,Dessert,
tresses suisses pépites chocolat ,dessert,
cinnamon rolls cheescake,dessert,
brookie,Dessert,
tarte amandine poires,Dessert,
tiramisu citron ,Dessert,
tiramisu fraises,Dessert,
fondant baulois,dessert,
lemon curd,Dessert ,
crumble poires chocolat,Dessert ,
charlotte aux fraises,Dessert ,
galette des rois au chocolat ,Dessert ,
fondant au chocolat Mme sanchez,Dessert ,
tarte aux noix,Dessert ,
gâteau aux noix ,Dessert ,
tarte au citron,Dessert ,
cookies,Dessert ,
tarte flan chocolat,Dessert ,
crumble pomme,Dessert ,
fraisier,Dessert ,
cheesecake citron,Dessert ,
brookie,Dessert ,
fraisier,Dessert ,
chouchous noix caramélisées ,dessert ,
royal trianon,dessert ,https://liliebakery.fr/royal-chocolat/
salade du soleil,Entrée ,
salade crevettes/ asperges/ champignons,Entrée ,
Tarte saumon/ courgettes,Entrée ,
taboulé,Entrée ,
salade de riz,Entrée ,
terrine de thon,Entrée ,
salade lentilles pois chiches ,entrée ,
pancakes fourrés au nutella,goûter ,
Moussaka,Légumes ,
Épinards ,Légumes ,
Haricots verts,Légumes ,
gratin chou-fleur ,Légumes ,
gratin courgettes,Légumes ,
salsifis,Légumes ,
carottes caramélisées ,Légumes ,
flageolets,Légumes ,
petits pois,Légumes ,
gratin endives,Légumes ,
tonkinoise,Légumes ,
purée carottes,Légumes ,
purée potimarron patates muscade,légumes ,
gratin dauphinois ,Légumes ,
pommes de terre sautées ,Légumes ,
poivrons grillés ,Légumes ,
aubergines grillées ,Légumes ,
lasagnes,Plat,
lapin à la moutarde et polenta,Plat,
crêpes mexicaines,Plat,
blanquette de veau,Plat,
gnocchis,Plat,
poulet tika masala et riz,Plat,
croque monsieur,Plat,
Tartiflette,Plat,
poke bowl,Plat,
galettes ,Plat,
risotto,Plat,
lentilles saucisse,Plat,
gratin de raviolis aux épinards ,Plat,
poulet au vinaigre,Plat,
"Crozets à la courge butternut rôtie et au comté, façon risotto",plat,
soupe à l'oignon ,Plat,
potée ,Plat,
saucisson brioché ,plat,
pates aux crevettes ,plat,
cassoulet,plat,
raviolis ,plat,
parmentier poisson ,plat,
parmentier canard,plat,
pinsa,plat,
courgettes poivrons merguez ,plat ,
"pot au feu (joue de boeuf, gîte de boeuf. jarret de veau, os a moelle)",plat ,
rougail,plat ,
chili con carne ,plat ,
quesadillas ,plat ,
pizzas,plat ,
pavé de saumon,viande/poisson,
saumon grillé,viande/poisson,
rosbeef,viande/poisson,
rôti de porc,viande/poisson,
rôti de veau,viande/poisson,
poulet,viande/poisson,
filets de loup,viande/poisson,https://www.cuisineaz.com/recettes/puree-de-potimarron-et-pommes-de-terre-a-la-muscade-77105.aspx
bourguignon,viande/poisson,
œufs au plat,viande/poisson,
carré d'agneau ,viande/poisson,
souris d'agneau ,viande/poisson,
gigot d'agneau ,viande/poisson,